subject_filename,ll_wo_constants,func_evals,iterations,alpha,beta_stage2,beta_MB,beta_MF0,beta_MF1,beta_stick
33F859I566D8MDQYVDGMYUEVKXZBH4.csv, -262.928436, 14, 12, 0.373525, 0.422264, -0.319203, -0.197626, -0.837349, 0.386459
3JNQLM5FT4MGKW9S3529PT4Y73V2LQ.csv, -241.870170, 15, 12, 0.574066, 0.725686, 0.102636, -0.333061, -0.924308, -0.819949
34S6N1K2ZVJKZMCAMQ5GCXA0WM5HLF.csv, -229.262596, 17, 14, 0.637840, 1.594996, -0.268807, 0.066122, 0.544274, 0.818839
34FNN24DCM9SJSZE43TXH8960SI5YE.csv, -161.403639, 20, 17, 1.000000, 1.118041, 0.179641, 0.990055, -1.132085, 3.661435
37U1UTWH9VM2996UO686LWQ0ZVDR89.csv, -232.210283, 14, 12, 0.832962, 1.748393, 0.595452, -0.014285, 0.970920, 0.174999
3483FV8BEEJY1B6LG1W70AM1H8A26M.csv, -162.697709, 20, 17, 1.000000, 4.060483, 0.034135, 0.360563, 0.379785, 2.021783
33FOTY3KEMLGS7XQ7O9WHR46KQF1C7.csv, -247.800690, 21, 16, 0.334718, 0.772138, -0.260769, 0.482113, 0.659900, -1.130488
32ZKVD547FNTS5JZGSRKU0DL1N1B37.csv, -167.097121, 22, 19, 0.627845, 3.059658, 1.144009, -0.840123, 1.733930, 0.880824
3JNQLM5FT4MGKW9S3529PT4Y78O2LT.csv, -211.205292, 21, 16, 0.387160, 1.495117, -0.348827, 0.325329, 0.675861, 0.561734
3IXEICO792JSLA0YZGG31XVRH466T3.csv, -175.785507, 16, 13, 1.000000, 2.624636, 0.736842, 0.314580, 1.203897, 1.202462
34V1S5K3GS191VRK1ABMAXUFMGE69F.csv, -164.171258, 22, 19, 0.806911, 2.850944, -0.225814, -0.832160, 1.915386, 1.470244
3PDJHANYK5G2G193ZMZENES36RP6H5.csv, -167.497910, 17, 14, 0.590555, 1.570463, 0.281919, 0.602038, 1.307810, 1.313841
3JMSRU9HQIUBBHX2ATZGE3BPU7AEVF.csv, -196.325299, 22, 18, 0.569886, 0.932247, 0.322280, 0.280491, 0.440239, -2.570805
3EFVCAY5L39LBLNHG1ZXJ549PJB8J0.csv, -248.015449, 17, 15, 0.428150, 0.846228, 0.062633, -0.225625, 1.047949, 0.087541
3GFK2QRXX9HOUN4EP2B9WBOQPKPW5D.csv, -226.339865, 17, 14, 0.459941, 1.349566, -0.376895, -0.376353, 1.530452, 0.104261
33LK57MYLT5TUK7UCL8OOQS0J8USZX.csv, -169.652554, 23, 20, 0.910008, 3.978329, 0.282931, 0.578030, 0.555095, 1.693809
3I02618YA06FVTXSEH5MCT8AV42PUG.csv, -167.006820, 17, 13, 0.681848, 1.715630, -0.289124, -1.172880, 2.782168, 1.349278
3IJXV6UZ1XJVYFI7XSKXYLKE1T6RI8.csv, -219.046778, 18, 15, 0.702749, 2.619436, 0.397733, -0.117190, 0.662890, 0.658544
34QN5IT0TZRE9FMVUTPR10PDQAC08S.csv, -162.773756, 24, 20, 0.324428, 1.802424, 0.251001, -0.207568, 0.413019, 1.816857
3FPRZHYEPY781JH5L9IKVC7S3IB3V4.csv, -200.703095, 19, 16, 0.713572, 1.964477, -0.002459, 0.456474, 1.211529, 0.528534
35USIKEBNRGUQXVE2KURSYPZR596NS.csv, -160.635487, 19, 16, 0.558179, 2.987495, 1.171470, -0.230094, 1.210796, 0.563719
33IZTU6J8114PP7FB3K3R5CPB8GSXK.csv, -130.241490, 25, 22, 0.664952, 5.000000, -0.519337, -0.264543, 5.000000, -0.292434
39GAF6DQWR0CRG3QY5417JSV6EQV1U.csv, -194.817430, 19, 16, 0.959439, 2.602599, 0.256099, 0.688688, 3.064646, -0.372177
36TFCYNS44AFZGTZ0984NR5N3VAHXW.csv, -223.948834, 19, 16, 0.974378, 3.435524, 0.131073, -0.499133, 1.216078, 0.012115
3OHYZ19UGC5DVK7TTCBGNSRQE1LAOP.csv, -163.834703, 20, 17, 0.876515, 2.925757, 0.630577, -1.638133, 1.194547, 2.279656
3C44YUNSI1PTERM6SMFX2T4M9OEDP5.csv, -221.426908, 20, 16, 0.883864, 2.574410, 0.328046, -0.015487, 1.683975, -0.299510
35LDD5557A4V7UV3SN9SP25HOD0KMZ.csv, -185.040684, 20, 18, 0.818939, 3.266067, 1.526838, -0.201504, 1.665822, 0.441527
39DD6S19JPBSK12CBQOJZ9OLJL3EZ9.csv, -215.359920, 20, 16, 0.495166, 2.322032, -0.163874, -0.307074, -0.189608, 1.271469
33F859I566D8MDQYVDGMYUEVKSZHB0.csv, -163.841215, 26, 22, 0.908422, 3.258453, -0.613734, -0.398862, 5.000000, 0.155088
3PMBY0YE273YHC0LB1OPWXMPJJ59CP.csv, -169.922737, 21, 18, 0.420554, 2.239636, 0.057619, 0.117191, 1.019391, 0.860088
3UN61F00HWPJMRNSQ8139CG9XA4R59.csv, -254.472210, 15, 13, 0.880996, 0.596235, 0.254393, 1.223815, -0.990030, 0.974154
3IGI0VL647KKF31I2GGL9YBQD3HNO9.csv, -167.551827, 21, 19, 0.855080, 2.789468, 1.603933, -0.303519, 5.000000, 0.523294
3GA6AFUKOOO3JIMLGK1GGBGJVWJ3HJ.csv, -215.479361, 21, 15, 0.400034, 1.182287, 0.114928, -0.304016, 1.487630, 0.137495
37UEWGM5HT8KY9M9PLZR6M3SLUZ1R1.csv, -146.893648, 21, 17, 0.654961, 3.173786, -0.613665, 1.582297, 1.606778, 0.839966
38F5OAUN5NCLK1N8IW46TSSZ04I7HH.csv, -253.717891, 21, 11, 0.198399, 0.356645, -0.230170, 0.264469, -0.103098, 0.653913
3OS4RQUCR9FO8HZS0NSMV92I3F9BFM.csv, -170.210522, 22, 19, 0.951661, 3.922958, -0.380145, 0.838452, 1.214990, 1.488055
3DYGAII7PL8N30QBX8LH2SBLRLLQP4.csv, -194.494311, 21, 17, 1.000000, 3.028507, 0.381290, 0.625174, 0.845796, 0.893172
3F1567XTNW52BDA4GJPKG2B6NZM9QC.csv, -199.825694, 22, 17, 1.000000, 1.077559, -0.754012, 1.276527, 0.973633, 1.530706
3634BBTX0OUYVPDY6XK3HW6VZNKFIR.csv, -215.929341, 22, 18, 0.548304, 0.959354, 0.021241, 0.395299, 1.092078, 0.403878
354P56DE9K3AAA1OTQG5X6Z1AWXS7K.csv, -220.824732, 22, 17, 0.463020, 1.045375, -0.494894, -0.196633, 2.006286, -0.177036
34T446B1C0EGLIC8B55W3MLWFY80C2.csv, -207.752847, 28, 20, 0.195700, 0.469386, 0.305810, -0.199678, 0.785557, 0.932796
33SA9F9TRXUOQ6X7034C05U319AWER.csv, -172.340376, 28, 23, 0.791160, 4.012480, 0.428700, -0.001109, 2.334568, 0.279070
39N5ACM9HENHB19PG6AVGXLWIJR9P8.csv, -172.871925, 22, 20, 1.000000, 5.000000, 0.296508, -0.012724, 5.000000, -0.030509
34T446B1C0EGLIC8B55W3MLWGWS0CJ.csv, -126.084122, 29, 26, 0.625609, 3.284364, -2.380787, 0.650141, 5.000000, 0.975533
3MHW492WW0D9N5PFRRNZRBGY4P2VMJ.csv, -236.630953, 24, 19, 0.348807, 1.736303, 0.534124, -0.259363, 0.263187, -0.188221
3U088ZLJVKTPZGIDSW5XFGSZ73ZW0U.csv, -258.334322, 16, 13, 0.603728, 1.266510, -0.196749, 0.683569, 0.165774, -0.156156
39K0FND3AHFPVHMHGWW3VO2LJXJMAR.csv, -198.970596, 23, 20, 0.560313, 2.221318, 0.284643, -0.615921, 1.063641, 0.823047
39N5ACM9HENHB19PG6AVGXLWHLL9P5.csv, -253.868284, 23, 17, 0.216426, 0.609259, 0.008482, 0.021026, 0.412175, 0.227391
3E13VNJ1NNV75AJQZY5ISU21YTM1IT.csv, -200.407938, 23, 19, 0.453522, 1.978003, 0.428517, -0.690831, 1.099090, 0.585012
3DZQRBDBSLFS9R01REDFKPNL5B83SL.csv, -159.930285, 23, 19, 0.420887, 2.274880, -0.125887, -0.782634, 3.239219, 0.144234
39U1BHVTDLRTORDGGEI5UUJ77ZC3TA.csv, -185.510499, 23, 21, 0.824932, 5.000000, 1.519585, -0.163717, 0.747919, 0.866215
3OXV7EAXLEQNMT24K1ACJKRTNRZ630.csv, -136.188270, 25, 21, 0.488276, 5.000000, 1.903339, -0.274939, 0.412770, 0.967646
3AMW0RGHOD2203DJHGT0YYGGNRTNP8.csv, -197.136358, 24, 19, 0.298505, 1.458718, 0.048636, -0.152863, -0.104285, 1.881739
3GA6AFUKOOO3JIMLGK1GGBGJV2WH3M.csv, -163.900543, 24, 21, 0.437444, 1.154281, 0.875031, 0.017110, 1.268154, 1.319588
3IKZ72A5B4GQ9QOP3DXVM42CK4CNFC.csv, -154.755269, 24, 21, 0.888461, 5.000000, -1.797131, -0.170998, 5.000000, 0.894079
3IUZPWIU1O7RC6PHWPFFY078MT9KWD.csv, -176.524516, 24, 18, 0.640988, 2.945081, 0.235177, 0.072302, 1.442390, 0.745691
3PQ8K71NHXKOTGDSJT6YMX7LPFHAAG.csv, -166.844645, 25, 21, 0.427698, 2.920538, 0.571649, -0.321457, 0.825699, 0.998423
3F6HPJW4JD0WVQLR7J9BY4LE5FZ2WT.csv, -168.201648, 24, 19, 0.525795, 2.686476, 0.173178, -0.520508, 2.389921, 0.384003
3E337GFOL98WNQKKEX3D4P2OLJ9GN1.csv, -165.826961, 24, 22, 0.935775, 5.000000, 0.091175, -0.336009, 5.000000, 0.272633
3A7Y0R2P2OOBQMOPO9BPZ4L2GNCXJF.csv, -155.916844, 24, 19, 0.678697, 3.625723, 1.808712, -1.368109, 2.500794, 0.678213
37M28K1J0QDZU9GWDZJBFWA4F2AAJV.csv, -174.342137, 24, 20, 0.839477, 3.996600, 0.347128, 0.411203, 1.979228, 0.461405
33L7PJKHCGYFPOJMSVD1LBRIMJM8TK.csv, -232.968892, 31, 25, 0.136847, 0.666408, -0.011842, 0.043098, 0.150640, 0.524728
3CTOC39K37QHB7IY6W7R558EDWNJ7Z.csv, -157.327192, 25, 21, 0.569702, 3.078855, 0.436129, 0.379689, 2.057179, 0.254900
3JCG6DTRV3Q83CRQXL062X1VXFRQQC.csv, -154.126859, 25, 21, 0.552553, 3.073783, -0.369314, 1.127786, 2.097787, 0.345903
3I2PTA7R3TUMS9TVKGG96BPMYSFQK2.csv, -229.297805, 22, 18, 0.616762, 2.231148, -0.225451, -0.911155, 1.422225, 0.097094
351SEKWQS0HNTOPT06N5LPAR4IRDMV.csv, -190.377793, 25, 23, 0.836292, 4.001080, -0.310589, -0.132066, 2.503482, 0.450442
33CUSNVVNNCWR4RYPX26UFVV9OC887.csv, -117.751465, 32, 27, 0.583175, 5.000000, 0.723989, 0.314467, 0.700343, 1.159102
3M68NM076H7F5VN6VRB81IU9S2VR6Y.csv, -135.275174, 26, 22, 0.687253, 5.000000, 1.523396, -1.810614, 1.941412, 2.111536
3JBT3HLQF82WHSR2K44UTLNPXN5ZP5.csv, -220.377058, 25, 19, 0.236961, 1.014987, -0.134687, 0.005967, 0.590238, 0.559717
3D4CH1LGEATBYOGQDNK8MO74HBRG90.csv, -158.529105, 25, 21, 0.893500, 5.000000, 2.257746, -0.394510, 5.000000, 1.006810
39GXDJN2OTEU2GNBXQDGMTF3J3MV85.csv, -160.269402, 25, 20, 0.497160, 2.459150, 0.802365, -0.770739, 2.172146, 0.971004
3TS1AR6UQQE165W2N6G6Q7GMKQ97FP.csv, -205.148571, 18, 15, 0.978579, 2.470302, -0.743633, 0.333628, 1.666241, 0.898458
3U0SRXB7CD5NCGTYU8XP3TGVNTTRNJ.csv, -221.646411, 19, 17, 0.950302, 5.000000, 1.210733, -0.297559, 0.041209, 0.128109
3EF8EXOTT1V30L3WHGQI4VH1B8HJ1T.csv, -165.191278, 26, 24, 0.872837, 4.528405, 0.409318, 1.893679, 1.733678, 0.554295
3HOSI13XHZOKPUJGNDO22ZNXVL2DDE.csv, -151.319862, 26, 24, 1.000000, 5.000000, 2.193567, 0.542718, 5.000000, 0.399776
3I3WADAZ9Q4GPEVCYGKZFHB4MIM5O6.csv, -117.704279, 26, 21, 0.485528, 3.855182, 0.704674, -0.135203, 1.836549, 0.853495
34YB12FSQYOQ58ZK2WODRADOGNRGMH.csv, -122.462173, 32, 30, 0.667349, 2.026507, 0.056590, 5.000000, 5.000000, 1.283380
3JMSRU9HQIUBBHX2ATZGE3BPU6OEVR.csv, -143.133168, 33, 27, 0.717719, 3.544563, 0.875880, 0.402613, 3.822788, 0.820741
3EFE17QCRC573Z706Z2HOJOVNCYSHG.csv, -169.573432, 26, 21, 0.519932, 4.183184, -0.249535, -0.891312, 1.751183, 0.666859
3ZSY5X72NXB5U1TAVNX2IIG0EJWROT.csv, -119.481844, 28, 24, 0.508413, 3.178651, 1.029849, 0.106369, 0.908846, 1.734122
3NGI5ARFTT5ZMW6UCTV21R3DK72P1E.csv, -124.519891, 28, 23, 0.283178, 2.840291, -0.234266, -0.266231, 0.649015, 2.291661
3D8YOU6S9EK7LNFNZL6D6THT0ZG6UV.csv, -148.438260, 26, 22, 0.558306, 2.275944, 0.942349, 0.602386, 0.979814, 1.079413
3G0WWMR1UVKN0FEYHT8PY36QS45QNQ.csv, -156.495558, 26, 23, 0.901674, 5.000000, -1.323923, 0.173801, 4.314264, 0.430683
3WEV0KO0OMSQRJ2YK3JRXY9XWOFDSB.csv, -222.568133, 15, 13, 0.839912, 1.357386, 0.704728, -0.235286, 0.954900, 0.846332
3EICBYG644WNNODUXDF2LR0SE7WCJ3.csv, -109.316200, 27, 23, 0.487568, 2.874214, 0.098194, -0.639002, 2.074037, 2.196356
3A1COHJ8NJVPKFSRS1WC7SOUCNP8H5.csv, -168.596811, 27, 24, 0.782064, 4.410613, -0.631639, 0.010532, 3.199254, 0.078874
3GDTJDAPVUBBCTT2JYCPZXWQTD88M6.csv, -127.565628, 28, 25, 0.598100, 5.000000, 2.026891, -0.597596, 5.000000, 0.101995
3EO896NRAWV495F5JZASA10W3AKTJQ.csv, -155.697579, 28, 26, 0.890094, 3.291635, 2.048137, -1.660273, 4.847014, 0.378895
35K3O9HUABDMFKBCAEUCWH837FTEF3.csv, -155.562782, 28, 24, 0.537190, 4.478850, -0.047763, 0.531883, 0.363783, 0.879550
3HMIGG0U4L6B6AIG2100TSJX2JY8Y0.csv, -127.722255, 28, 25, 1.000000, 5.000000, 0.165274, 5.000000, 5.000000, 1.475738
3LJ7UR74RHDGBAR0JW1CV05LWHJ4NS.csv, -253.335873, 13, 11, 0.496430, 1.016490, 0.382216, 0.394355, 0.017049, 0.304651
3EFE17QCRC573Z706Z2HOJOVOLDHS3.csv, -156.713857, 28, 24, 0.606042, 2.258793, -1.110403, 0.530691, 1.829987, 1.330199
37ZHEEHM6WM6QTG93BF4PYRPIXP73W.csv, -154.870470, 28, 25, 0.960022, 5.000000, 0.180021, 0.379090, 5.000000, -0.421738
3NPFYT4IZC41ZKYOG3QM2RTMNXPXG8.csv, -199.584119, 26, 21, 0.189714, 1.020865, 0.228788, -0.171989, 0.339361, 1.296831
3NAPMVF0ZWFH5BKQZB1Z6OMXBLQ27K.csv, -137.278185, 30, 25, 0.673570, 4.879623, 1.315342, -0.423363, 1.729560, 1.147265
3M23Y66PO27R6ANJAGBDRSZ5F2V6SF.csv, -138.731384, 30, 25, 0.575022, 2.137218, 0.733839, 0.210489, 1.608140, 1.940680
3E4GGUZ1T8R50QRAI5Q8ATRJIMM2KL.csv, -151.832625, 28, 25, 0.475738, 2.119680, 0.377794, -0.068582, 1.537586, 1.526535
3NLZY2D53PPXCFBD5GSALB21M5ULQZ.csv, -101.311617, 30, 27, 0.466544, 4.669060, 1.181534, -0.059707, 0.396224, 2.388478
3E4GGUZ1T8R50QRAI5Q8ATRJH5Z2KZ.csv, -137.833115, 29, 27, 0.663923, 1.264568, 2.044049, 5.000000, -0.279306, 4.124394
3TPWUS5F8919T8DT4CYHAHU0G3YCWR.csv, -188.755159, 19, 16, 0.722878, 2.419946, 0.578213, -0.732213, 2.226708, 0.340094
3IHR8NYAM71GEV3DZBE4ZPAGWREP4T.csv, -239.165183, 29, 19, 0.140979, 0.732438, 0.298942, -0.207820, 0.271227, 0.545626
39LOEL67OS5AQ7LSDG7A3YNKTMQ38K.csv, -149.346309, 29, 24, 0.453392, 3.139383, 2.774917, -1.060392, 2.077037, 0.649023
3TVSS0C0E10QFPF4QYT7ZRU45S5TW5.csv, -234.954314, 20, 17, 0.601539, 2.176837, 0.335885, -0.202918, 0.942071, -0.173833
3EKVH9QMEY4XMKL0QO4L6GWTYZND2P.csv, -168.207957, 29, 24, 0.799051, 4.310514, 0.362182, 0.763870, 3.143311, 0.181410
3TYCR1GOTCJ6Q7C4SCBNC4E5SCHZLI.csv, -225.211315, 20, 16, 0.334461, 1.499972, 0.090980, -0.139756, -0.370786, -0.807691
3ATPCQ38J8APPYBVZZKEPJPSSPMYAI.csv, -124.239255, 29, 24, 0.633226, 5.000000, -2.459219, 0.415799, 3.426521, 1.174076
3OHYZ19UGC5DVK7TTCBGNSRQEWIAOC.csv, -127.884767, 31, 26, 0.513580, 4.639702, -0.138252, 0.549483, 2.372868, -0.476435
378XPAWRUCD3ZYWQVHYB3VV42NJAIH.csv, -164.120624, 30, 23, 0.349729, 2.100188, 0.037213, -0.752469, 1.390749, 1.359757
3RRCEFRB7MCEA123G6W3455RFNAB45.csv, -270.207927, 17, 14, 0.443173, -0.259597, -0.155890, 0.332908, 0.329834, 0.037025
3E7TUJ2EGCM8M46ZBXJ0G34741DD9P.csv, -133.859650, 30, 27, 0.654566, 4.062205, 2.448275, 0.489308, 1.610489, 0.328757
338JKRMM26Z333L6PZGQ3JUP16THAB.csv, -82.639275, 38, 29, 0.138197, 1.794614, -0.132742, 0.163319, -0.078030, 2.087217
33PPUNGG385HT57HXW8JYGN4X6BZRG.csv, -97.469878, 38, 31, 0.354975, 3.425677, 0.565300, -0.184620, 1.692608, 1.267128
3QXNC7EIPIVENK55ZLV51WKOABT90F.csv, -249.664866, 17, 14, 0.433979, 0.651450, -0.261429, 0.405040, 1.129997, -0.978167
3OVR4I9USPJ1E74SZOTTZU0Q1NZQ4K.csv, -82.780348, 32, 25, 0.295164, 3.913957, 0.793758, -0.976732, 2.954920, 1.035396
3GNA64GUZE4JAQ8SDTC34M641JY5Q8.csv, -132.103884, 31, 26, 0.641972, 5.000000, -0.183063, -0.627939, 5.000000, -0.060283
3TDXMTX3CBU2CWKN54HZNQTI56EI6N.csv, -176.793171, 21, 19, 0.857084, 5.000000, 0.441247, 0.008215, 2.339921, 0.013794
3T111IHZ5EQ2NEP4TYEKLSLBI4E9R4.csv, -187.451521, 21, 18, 0.647103, 1.750871, 0.919749, -1.553956, 2.141902, 0.858459
3G5F9DBFOPXNVRO40U7MZ682MM6VHE.csv, -152.299566, 31, 25, 0.496993, 3.090434, 1.601741, -1.540592, 2.559627, 0.965301
35L9RVQFCOINICZ4V4XH3K6J9DWUHK.csv, -258.845553, 31, 25, 0.100000, 0.318454, 0.174055, -0.003615, -0.000779, 0.485937
3NOKK93PR18U96BGF3A6EZN3V9AEE7.csv, -128.591331, 33, 30, 0.557251, 2.100217, 1.637629, -0.094642, 4.243939, 0.918210
3E337GFOL98WNQKKEX3D4P2OMMTNGZ.csv, -131.303130, 32, 25, 0.287249, 1.821740, 0.603469, -0.669900, 0.876136, 2.729430
3018Q3ZVOIQGSXZ9L4SKHNWVPJAART.csv, -250.415628, 15, 13, 0.840948, 0.808535, -0.124927, -0.171235, 0.382309, 0.875379
382M9COHEHFBY28253PBIH96HGBUED.csv, -96.190978, 32, 29, 0.563207, 5.000000, 2.826086, -0.903789, 3.313433, 1.368463
3FIJLY1B6U4QCB02JSANQT77LH4PFY.csv, -159.640422, 32, 27, 0.830510, 4.402693, 4.182583, 0.234824, 3.553504, 0.997638
3R0T90IZ1SCDWMNTP7UZOE8CNDBGCW.csv, -239.471826, 18, 15, 0.889276, 1.880092, 0.156076, -0.303833, 0.414518, 0.744857
34T446B1C0EGLIC8B55W3MLWGWMC0P.csv, -109.618567, 39, 34, 0.658501, 4.417371, 3.401481, 1.137296, 5.000000, 0.820691
3E47SOBEYQWRSDTOFVU29QLS1S8ICY.csv, -133.417628, 32, 28, 0.674187, 2.692105, -0.499491, -0.956095, 3.745232, 1.832955
3RJSC4XJ10UVMX3TWVIOPGFMOF250C.csv, -145.215179, 18, 14, 0.381225, 2.292843, 0.378902, -0.296177, 1.314237, 0.961840
3FE2ERCCZX8KIODVIVTDDNGLDIFPO4.csv, -149.976127, 32, 26, 0.785453, 5.000000, -0.019419, 0.032266, 3.811583, -0.030421
3EJJQNKU9R5V2K7NRA2CY9JZ1GCRH0.csv, -140.242358, 28, 23, 0.606387, 3.529371, 1.450982, -0.298791, 1.095895, 1.505054
3DYGAII7PL8N30QBX8LH2SBLSO2PQR.csv, -93.962496, 32, 28, 0.520155, 5.000000, 1.472715, -0.026371, 1.051610, 2.270749
3SNLUL3WO4NP48IUMPCFVCZQQ0PLUE.csv, -180.763677, 22, 20, 1.000000, 5.000000, 1.903855, 0.524385, 1.812197, 0.277631
3U4J9857OEBBTOKMI4UA7HP16Q97BW.csv, -203.617287, 22, 20, 0.724061, 5.000000, 0.513718, 0.405458, 0.297478, 0.372047
3B2X28YI3WFSPO6HZUPI13P5BEFB6P.csv, -160.405973, 28, 25, 0.640353, 3.208203, 1.002055, 0.317012, 1.255701, 1.267288
3JRJSWSMQHLRZ8VJQJTAV8J63MP3ED.csv, -218.003377, 16, 13, 0.477789, 1.360302, -0.552620, 0.581314, -0.386304, 1.566674
3KJYX6QCM9BJMXJUOUA7BJOH0HIJVM.csv, -269.389578, 16, 14, 0.797636, 0.267365, 0.220308, -0.078118, -0.466312, -0.249192
3GFK2QRXX9HOUN4EP2B9WBOQPKF5WC.csv, -131.790314, 34, 31, 0.774525, 5.000000, 0.820134, -0.962270, 5.000000, 0.782791
3YJ6NA41JBG6HDMY2I185RZZDQTJP6.csv, -239.269463, 20, 17, 0.556382, 1.944650, 0.261861, -0.093721, 0.741818, -0.144398
3M1CVSFP605GGWK98P3KCXMQTX3AQN.csv, -150.586528, 35, 31, 0.846088, 5.000000, 0.988760, -1.027223, 2.531861, 1.504920
3BV8HQ2ZZW1N6E1PTGPM6S5ZT1R6AW.csv, -184.418255, 33, 25, 0.100000, 0.367111, -0.416151, 0.161026, 0.224309, 0.120624
30LB5CDZNCATTBNI3JP4EKMHPWMZ0P.csv, -251.714405, 16, 14, 1.000000, 1.658232, -0.386365, 0.811170, 1.062862, -0.309419
35USIKEBNRGUQXVE2KURSYPZS8X6NN.csv, -117.332167, 34, 29, 0.436128, 2.899884, 0.755195, -0.906347, 2.489887, 2.271788
3IHR8NYAM71GEV3DZBE4ZPAGWBY4PW.csv, -63.943297, 35, 30, 0.462083, 4.245517, 3.681943, 1.278599, 5.000000, -0.022162
3I2PTA7R3TUMS9TVKGG96BPMYE3KQS.csv, -141.326950, 34, 25, 0.302021, 3.474776, 0.531690, -0.584295, 1.871988, -0.251540
3TE3O857308RNU458PZ5B5DXCXCR20.csv, -186.804835, 25, 22, 0.935466, 4.207526, 1.248673, -0.251878, 1.893114, 0.112987
35GCEFQ6I5OPA3MFM67NGIKORHMZ3H.csv, -172.160408, 35, 30, 0.832397, 5.000000, 5.000000, -1.035656, 4.726372, -0.188215
3ZPBJO59KP111AOI997STK2VND4HD0.csv, -176.127100, 21, 17, 0.644117, 3.215804, 0.605414, -0.450375, 2.007424, 0.462535
3JPSL1DZ5SZVDZ7HSXB383RLNOIAN5.csv, -208.621334, 17, 15, 1.000000, 2.148533, 0.076456, 0.299813, 2.169421, 0.097172
3DZQRBDBSLFS9R01REDFKPNL4DN3S3.csv, -149.335320, 35, 30, 0.695978, 2.989397, 3.759046, -0.295926, 3.570092, 0.258924
36TFCYNS44AFZGTZ0984NR5N3VLXHN.csv, -90.166300, 37, 32, 0.380894, 3.035632, -0.082428, 1.378557, 0.738836, 1.669002
3RXCAC0YIRPBKJXG8VEUMSCTX5T8GN.csv, -171.490670, 20, 18, 0.957403, 4.115898, 0.423783, -0.385884, 2.990311, 0.330590
3V0Z7YWSIY0JG1LMH94FC220Y1OV2T.csv, -188.372428, 24, 21, 0.520966, 3.370665, 0.372078, 0.486474, 0.442674, 0.507008
3LWJHTCVCCMBCN1HJ5PCQYXHPF0QF3.csv, -193.767793, 17, 14, 0.519960, 1.631603, 0.303927, 0.325661, 1.307519, 0.298167
3UN61F00HWPJMRNSQ8139CG9X5XR5S.csv, -184.607327, 25, 20, 0.414203, 3.088486, 1.321002, -0.567090, 0.773601, 0.704215
30ZX6P7VF8VAP6LS0KQW9ER63EQ2JO.csv, -211.472355, 17, 15, 0.896034, 2.845849, -0.320929, 0.547208, -0.302648, 1.431581
3S0TNUHWKTI88ZNP65DMG79WKUD8DB.csv, -172.515374, 21, 18, 0.933247, 2.674244, -0.086833, 1.078240, 1.158401, 1.230682
3IXQG4FA2TYF778FX1SULDG71Y39BG.csv, -145.867700, 38, 30, 0.100000, 0.863175, 0.070465, -0.117564, 0.781629, 0.972763
36PW28KO4ZWRJTU4ZY8KIGXCAUQEAQ.csv, -142.633998, 32, 27, 0.581353, 3.674272, 2.234182, -0.876499, 2.143271, 0.759259
3RSDURM96AMSFBS7F4M0L2FJCNNEYX.csv, -212.782384, 24, 20, 0.631252, 2.283710, 0.020799, -0.049078, 1.609354, -0.101450
3FE2ERCCZX8KIODVIVTDDNGLC9IOPN.csv, -199.049729, 37, 32, 0.898026, 4.553781, -0.731723, -0.277718, 3.121729, -0.183150
3WETL7AQWT8R3P2QFI07REDTQN753J.csv, -215.620266, 21, 18, 0.963328, 2.404751, -0.304732, -0.362873, 2.387336, -0.103634
3TPZPLC3M0CVWZK9ZX9LPKIAIRIP38.csv, -242.501669, 30, 20, 0.100000, 0.438092, -0.105922, -0.000864, 0.375267, -0.248100
3YOH7BII097EXHPC6FAJCYOUFK7VKE.csv, -152.531413, 24, 21, 0.678566, 5.000000, 2.164292, -0.600869, 0.860118, 1.001010
3K9FOBBF2HJC9IYLPO0THH7WIYDNLT.csv, -227.089153, 18, 15, 0.759069, 2.613902, 0.761884, 0.121465, 0.046410, 0.379813
3X4JMASXCM9XBDK2X591S2FEYBU0BE.csv, -153.719240, 22, 20, 0.862574, 5.000000, 5.000000, -1.928278, 2.253944, 0.451612
3AZHRG4CU4KS8IGPICUVAJH2AJJ30S.csv, -213.727416, 39, 27, 0.100000, 0.367858, 0.317412, -0.010331, 0.378234, 0.208359
3VAR3R6G1P1ZCWEEWER2R1LVORIO8O.csv, -203.626495, 27, 23, 0.778396, 2.360300, -0.022586, 0.016441, 3.057698, -0.159633
3VE8AYVF8MX56J1LXB8C47CHW7N8FG.csv, -231.666428, 22, 19, 0.599797, 1.661389, -0.630461, 0.591172, 1.517204, -0.457594
3TVSS0C0E10QFPF4QYT7ZRU45N9TWZ.csv, -152.907735, 26, 22, 0.989349, 5.000000, 0.144201, -0.181410, 2.784674, 0.848337
3TAYZSBPLL83O94INEZA1FITYZJ2SN.csv, -145.726702, 29, 24, 0.524935, 2.808776, -0.761818, -0.528001, 3.791896, 0.250669
3OS46CRSLFZ7Y24N4BGI2FJCE6QV6A.csv, -97.186037, 43, 35, 0.306102, 2.210669, -1.721928, 0.117642, 2.558834, 1.510202
3WQQ9FUS6AUFT2P5S9MGLHLWGBXB86.csv, -174.971601, 23, 19, 0.511945, 3.339529, 1.467792, -1.336144, 1.936298, 0.616194
31Q0U3WYDPFAGQ2UG71L15CSKD917W.csv, -171.227831, 19, 17, 0.916128, 2.721235, 0.630962, 0.648648, 1.783012, 0.953074
3Y9N9SS8LYBM72HJUOIQPQ1L4DK3DN.csv, -190.533086, 23, 20, 0.677109, 2.576942, 0.353087, -0.051228, 1.659283, 0.418881
3HVVDCPGTESU4UA45ZBVKOFKGV1TYQ.csv, -100.768580, 41, 33, 0.431465, 5.000000, 0.431763, -0.416157, 2.058150, 1.152772
3KXIR214I4GKMO27XD3S3C2NLMT422.csv, -219.249854, 19, 16, 0.829743, -0.296754, -0.038368, 0.731797, 0.455366, 1.409832
3KAKFY4PGU23FDX5M2J1GNHYWDRI3T.csv, -184.914030, 19, 16, 1.000000, 2.549586, 0.564109, 0.178511, 3.409441, -0.316279
3ZQIG0FLQEG5SHJTVTTM09IP2R8VW2.csv, -123.296701, 27, 24, 0.467473, 2.935992, 0.026788, 0.206001, 1.399715, 1.289673
3S96KQ6I9M4R6JFD93OH735JXWZTDZ.csv, -175.281048, 23, 20, 1.000000, 4.094450, 0.425739, -0.067965, 4.154902, -0.279917
3YGXWBAF70HXK6U9U6SYFPB9X9J4CG.csv, -154.596628, 24, 21, 0.841187, 5.000000, 0.933634, -0.126429, 5.000000, -0.283785
3Y9N9SS8LYBM72HJUOIQPQ1L4ROD3T.csv, -220.607571, 23, 16, 0.379612, 1.792261, -0.685511, 0.059160, -0.094633, 1.148305
3WJEQKOXA82SZS0SNAD5BWEILL3A1K.csv, -171.381299, 30, 25, 0.933443, 4.014402, -0.113385, -0.187356, 5.000000, 0.422433
3VHP9MDGRNK7IMRYENOH6T80MY7CFP.csv, -182.452528, 24, 22, 1.000000, 5.000000, -2.949293, -0.098953, 5.000000, 0.329261
3SNLUL3WO4NP48IUMPCFVCZQPWPLU5.csv, -210.964496, 24, 20, 0.810140, 2.038639, 0.473800, -1.177941, 2.871914, -0.958615
3VE8AYVF8MX56J1LXB8C47CHV9DF8G.csv, -156.252404, 25, 22, 0.885775, 3.300951, -0.087700, 0.478303, 5.000000, 0.319617
3AAJC4I4FGS0VHO4PRZAWP1DNPNJZE.csv, -99.174462, 44, 41, 0.589233, 4.676851, -0.239694, 1.080803, 5.000000, 0.820383
31N2WW6R9RQJ5MVFLUDGDQ46GLZ3FN.csv, -188.083744, 20, 17, 0.799529, 3.742559, -0.309638, 0.673573, 1.360920, 0.516210
3QHK8ZVMIMIA899OMYVKQM721SVBLQ.csv, -265.648200, 24, 19, 0.263379, 0.557532, -0.279054, -0.265557, 0.187735, -0.278231
31T4R4OBOSGU3TCSW4Q5I1VJNDM7CJ.csv, -200.645177, 20, 17, 0.848687, 2.891813, 0.899940, -0.219841, 1.278996, 0.369844
3N4BPTXIO8SEK20C1P0EGCMB1U8KUM.csv, -69.910583, 46, 39, 0.313672, 3.255182, -0.530146, -0.561977, 5.000000, 1.162737
3YHH42UU5BF9OM6EOIYV65BJAO60L1.csv, -145.861132, 27, 24, 0.516529, 3.827552, 2.195128, -0.098115, 2.289781, -0.166872
3TUI152ZZBNKM879C6AR1WTNO5LQ16.csv, -157.631027, 31, 24, 0.341637, 2.709590, 0.002614, -0.000553, 0.670361, 1.078984
3XLBSAQ9Z4C7BMN2OIADTZW4XST7ZY.csv, -172.637668, 27, 23, 0.480655, 3.212415, 0.228536, -0.561227, 1.233053, 0.918880
30LSNF239UVEUV1MI25WXDC6P1A2IO.csv, -194.674381, 24, 21, 0.703886, 3.663332, 1.027898, -0.800974, 1.656603, 0.285803
3S4AW7T80BIQNAOF7JLXI81WRHP4LM.csv, -167.469348, 28, 21, 0.372581, 3.002288, 0.466484, -0.246711, 0.523863, 1.231747
3LPW2N6LKT2B2JF9U2W8EN3T36KU5L.csv, -152.660937, 27, 22, 0.488062, 1.809314, 0.079416, 0.154488, 0.939965, 1.715658
3YGXWBAF70HXK6U9U6SYFPB9W4XC4R.csv, -151.387148, 28, 25, 0.888451, 5.000000, -1.933927, -0.280296, 5.000000, 1.110034
3X31TUMD7XM9VBRWK12VKAUTFGXL1A.csv, -162.559638, 30, 26, 0.581443, 5.000000, 2.674895, -1.161317, 1.513246, 0.950824
3KIBXJ1WD5UJ7XGF53O5H6UMJ8QKOF.csv, -138.778686, 26, 20, 0.660536, 4.194919, 1.930867, -0.826509, 2.262778, 0.483063
3ERMJ6L4DYS7CFOJ9TKJLX0VI7E7MM.csv, -71.472886, 48, 40, 0.268531, 2.440282, -2.570957, -0.063060, 3.658169, 1.981955
3WMOAN2SRBXF5NAF3S2Z4Q5Y8YAVNI.csv, -135.318354, 30, 25, 0.810312, 5.000000, -1.180893, -0.289431, 4.648010, 0.995286
31QTRG6Q2TDWC2HXOI2BFEENRCZYPD.csv, -212.149106, 23, 21, 0.819504, 2.052151, -0.094837, 0.588892, 1.043822, 0.553196
3JV9LGBJWTEE5BKWFC3QJE2TBTYGO0.csv, -166.224300, 22, 18, 0.685558, 2.694041, 0.923244, -0.667065, 2.558369, 0.793244
32ZKVD547FNTS5JZGSRKU0DL1NH3BF.csv, -161.732971, 57, 42, 0.147628, 0.455820, -0.239380, -0.091346, 1.343606, 0.216315
3VW6495TLJ0QLG9YF5YUS57ZVXMYYN.csv, -117.009309, 31, 28, 0.559535, 2.517285, 0.549835, 0.759650, 2.959924, 1.016073
3SITXWYCNV9583QD0HY81G2P8IEXB5.csv, -169.982862, 29, 26, 0.986135, 3.815985, 0.336003, 0.492243, 5.000000, 0.598324
3E337GFOL98WNQKKEX3D4P2OLDKNG7.csv, -133.826767, 49, 38, 0.146238, 1.770627, 0.294740, -0.269309, 1.573655, -0.100766
3XLBSAQ9Z4C7BMN2OIADTZW4XSI7ZN.csv, -157.691225, 28, 26, 0.810293, 2.203732, 0.967813, 0.280535, 5.000000, 0.541432
31JLPPHS2UUDBZ88KXW60KDK8RZO3D.csv, -149.264520, 25, 23, 0.972165, 5.000000, 0.108453, 0.274317, 5.000000, 1.037030
3YW4XOSQKQLCE1EQTFUWBXQCSO91U1.csv, -126.461844, 29, 25, 0.943479, 4.068264, 0.920157, 0.807807, 5.000000, 1.149714
34S6N1K2ZVJKZMCAMQ5GCXA0WM4HLE.csv, -74.815226, 58, 50, 0.445750, 4.683993, 1.312083, -0.216387, 2.303320, 1.853745
3UWN2HHPUY5ZDVTB9XXUT3LRASPSNG.csv, -137.680082, 46, 31, 0.100000, 0.888041, -0.175469, -0.032651, 0.225799, 2.164819
36NEMU28XFDM2UPKH1SVDDZCAHBWM2.csv, -67.296913, 50, 38, 0.177583, 3.003683, 1.436195, -0.469763, 1.803266, 0.883055
35GMH2SV3EHGLXO59HD2JBHHZBREOM.csv, -205.248130, 51, 36, 0.166966, 0.481604, 0.371961, -0.627618, 0.958658, 1.732617
31QNSG6A5RTSRQMFFSA0GFZ0XF3872.csv, -149.304189, 27, 23, 0.831535, 5.000000, -0.521659, -0.320744, 5.000000, 1.003692
32SVAV9L3F9O9VE7AEROZPTFJ5U3AI.csv, -154.938383, 24, 19, 0.375106, 2.007710, -0.015372, -0.407699, 1.617499, 0.945865
3SB5N7Y3O34T2USDDR1FTD6BEOR0G0.csv, -220.295578, 29, 22, 0.287350, 1.877818, 0.015061, -0.074397, -0.198237, 0.649625
3DZQRBDBSLFS9R01REDFKPNL5BR3S4.csv, -116.427839, 51, 38, 0.819685, 3.339282, 4.664868, 2.571734, 5.000000, 1.623556
3RJSC4XJ10UVMX3TWVIOPGFMNH405C.csv, -85.405569, 38, 29, 0.322900, 3.110194, 1.036353, -0.023049, 1.237164, 1.695263
3Z7EFSHGN9EOI8IJEHU3C087P54XC5.csv, -126.953507, 31, 23, 0.241588, 2.515499, 0.286035, -0.241052, 0.910555, 1.570000
3X4JMASXCM9XBDK2X591S2FEYGP0BJ.csv, -173.120758, 32, 25, 0.392608, 1.978262, 1.232172, -0.249194, 0.360157, 0.843192
3LWJHTCVCCMBCN1HJ5PCQYXHQW6FQX.csv, -84.080700, 57, 41, 0.100000, 1.516075, -0.259540, 0.051041, 0.302873, 0.496039
3RGU30DZTA80WAPLA29GON548LFMJA.csv, -261.690648, 31, 23, 0.106466, 0.387965, 0.003891, 0.033438, -0.003064, -0.237045
3X31TUMD7XM9VBRWK12VKAUTEZU1LO.csv, -122.955961, 32, 27, 0.315317, 2.297488, -0.289761, -0.065446, 1.780000, 0.791712
3LRKMWOKB5H0PLQWI6TIX8FWMV92ZH.csv, -177.659950, 32, 27, 0.717540, 5.000000, 1.293362, 0.820012, 1.279382, 0.290180
3R3YRB5GRF388PRQPYNPMYJFVKCUAI.csv, -123.948477, 33, 28, 0.570796, 3.645507, -1.554855, 1.128754, 3.696079, 0.567303
3VFJCI1K4ZZH2OCC74KUD97YNFXRGY.csv, -85.231063, 38, 32, 0.406078, 4.053008, 2.383218, -0.865359, 2.506852, 1.587748
30BXRYBRP4X0AGO9Q4CIL8RGUTGWHU.csv, -142.594097, 34, 27, 0.792746, 5.000000, -1.958688, -0.713774, 5.000000, 0.822414
3KWTYT087038JTSFLO47N07ARDO5LW.csv, -124.360529, 31, 26, 0.618367, 5.000000, 2.644308, -0.723989, 1.513645, 1.560451
3KB8R4ZV1E7UMHVNB7Y4DU2U5SRGB5.csv, -126.502977, 31, 27, 0.685955, 5.000000, 3.197803, -0.578467, 2.098867, 1.088162
3JZQSN0I3QAKZY73G9K0WKTFJMZGFU.csv, -112.445395, 29, 26, 0.585225, 5.000000, 2.247883, 0.021032, 2.393095, 0.008219
30LSNF239UVEUV1MI25WXDC6P1C2IQ.csv, -154.563203, 27, 22, 0.762580, 1.451721, 1.995263, -0.611230, 4.063314, 1.532992
3WS1NTTKEYCNOUWI27VXBS6ZD9I0FS.csv, -178.694824, 37, 34, 0.921627, 5.000000, 3.778171, -1.081974, 5.000000, 0.214709
30OG32W0SUBY3COT82DP4MHC91HEN2.csv, -156.162998, 30, 26, 0.745201, 5.000000, 2.682178, -0.023242, 3.210462, 0.386235
3KKG4CDWKIYVM8N6IMI7DZA1R8L498.csv, -132.763235, 29, 25, 0.467868, 5.000000, 1.772279, -0.611018, 1.564054, 0.656568
3KRVW3HTZNLTVD8BXWIUGOWR52JSMK.csv, -146.359255, 29, 24, 0.842382, 4.587444, -0.287965, -2.067160, 5.000000, 1.000611
3YZ8UPK3VTMW14OO9CJGST93WLVUCF.csv, -41.100135, 42, 36, 0.346863, 5.000000, 0.961760, 3.344343, 5.000000, -1.596208
3QAPZX2QN4D3N0K6ECGQR9CA457022.csv, -118.610612, 35, 29, 0.551926, 4.176053, 1.880249, -0.026955, 2.199374, 0.815289
36DSNE9QZ5YOWDAXNIOTGRU94JJJO8.csv, -136.070149, 63, 46, 0.100000, 0.732348, -0.181209, -0.185637, 1.201019, 1.347174
31Z0PCVWUKFBPAE3IQLV7BVNBSM7TO.csv, -153.040112, 29, 26, 0.834213, 5.000000, 0.870983, 0.268635, 5.000000, 0.082009
3SITXWYCNV9583QD0HY81G2P81XBX4.csv, -161.524565, 42, 34, 0.156335, 0.937376, 0.641465, -0.395482, 1.659995, 0.522176
3HYA4D452RJUK4ZWHUZBUGZEA792FL.csv, -53.361720, 67, 47, 0.189966, 1.997762, 5.000000, -0.486160, 3.182964, 5.000000
31UV0MXWNQC6TSK90L7UVKFIAEKI5V.csv, -142.308194, 30, 26, 0.719121, 3.435326, 2.163838, -1.100531, 2.877821, 1.292935
3K3R2QNK8B3U36HLXS9PQ38VQ5Q9UL.csv, -93.052645, 39, 33, 0.510797, 3.384265, 0.081251, 1.502704, 1.489818, 1.727303
3ZAZR5XV01IDN3IYFZIO9LOIXZTCZW.csv, -94.778814, 46, 37, 0.503784, 3.763840, -3.945808, 0.948621, 5.000000, 2.059088
3KYQYYSHYV7BTRA5DM2IDTZWZZPDOR.csv, -147.764252, 31, 26, 0.717055, 3.266617, -0.236890, -0.862667, 5.000000, 0.598997
3137ONMDKG5STK77LY0UE28F88LGEO.csv, -186.215313, 41, 29, 0.223653, 0.826254, -0.721348, 0.053866, 1.290663, -2.793561
3QAVNHZ3EM45PZ4WGKVOVBNWJRKAL2.csv, -92.319256, 49, 40, 0.236696, 2.479830, 0.887592, -0.294670, 1.126208, 1.729032
32EYX73OY09076D7R99BHO8PWMURUE.csv, -125.924711, 33, 26, 0.209019, 2.139446, -0.447148, 0.364798, 0.440685, 0.880624
3L4PIM1GQTGHOFXC1A60K9E2STMRYV.csv, -148.065283, 38, 31, 0.684017, 3.622180, 0.982429, 0.389017, 5.000000, -0.388880
3Q5ZZ9ZEVOFD4M8WRZV3IVL46FX85O.csv, -96.098628, 53, 40, 0.184756, 5.000000, 0.102747, -0.291097, 1.217509, 0.782778
32M8BPYGATM49P9THHQLZH670IBGIE.csv, -74.229762, 50, 35, 0.176159, 2.128692, 0.502193, -0.392670, 1.903185, 2.135381
32KTQ2V7RDFBQYCCOQI3ZTR1DXB9M9.csv, -86.065759, 52, 43, 0.422144, 2.720253, 1.379330, 4.643511, 5.000000, -0.370807
